{
  "train": [
    151,
    197,
    277,
    264,
    388,
    100,
    49,
    223,
    297,
    286,
    70,
    72,
    108,
    109,
    260,
    87,
    122,
    209,
    371,
    326,
    327,
    251,
    45,
    176,
    0,
    15,
    73,
    90,
    28,
    146,
    273,
    48,
    11,
    128,
    324,
    262,
    137,
    181,
    158,
    294,
    387,
    380,
    334,
    185,
    280,
    121,
    97,
    293,
    50,
    213,
    290,
    226,
    104,
    298,
    186,
    240,
    364,
    348,
    110,
    10,
    336,
    187,
    157,
    313,
    32,
    102,
    279,
    167,
    367,
    236,
    375,
    26,
    140,
    312,
    350,
    20,
    37,
    212,
    211,
    295,
    169,
    288,
    372,
    161,
    206,
    138,
    362,
    342,
    222,
    254,
    242,
    358,
    79,
    141,
    275,
    216,
    166,
    145,
    171,
    14,
    147,
    339,
    168,
    243,
    272,
    44,
    68,
    384,
    150,
    173,
    184,
    13,
    249,
    195,
    246,
    233,
    268,
    198,
    38,
    25,
    125,
    379,
    93,
    75,
    24,
    203,
    18,
    191,
    189,
    106,
    304,
    60,
    369,
    83,
    365,
    239,
    374,
    359,
    310,
    200,
    306,
    230,
    381,
    247,
    96,
    377,
    329,
    366,
    201,
    148,
    155,
    112,
    300,
    160,
    51,
    289,
    74,
    59,
    61,
    9,
    276,
    175,
    134,
    228,
    386,
    267,
    220,
    130,
    163,
    172,
    232,
    345,
    58,
    274,
    144,
    111,
    253,
    179,
    40,
    231,
    69,
    54,
    142,
    39,
    266,
    292,
    31,
    63,
    56,
    154,
    117,
    17,
    382,
    177,
    135,
    114,
    217,
    227,
    82,
    149,
    115,
    291,
    129,
    265,
    12,
    57,
    204,
    378,
    5,
    103,
    316,
    41,
    76,
    353,
    30,
    174,
    214,
    219,
    234,
    62,
    46,
    341,
    178,
    287,
    164,
    373,
    323,
    344,
    385,
    215,
    389,
    351,
    296,
    221,
    360,
    190,
    343
  ],
  "val": [
    349,
    47,
    235,
    361,
    250,
    81,
    245,
    392,
    77,
    330,
    85,
    35,
    229,
    311,
    376,
    29,
    99,
    95,
    299,
    244,
    282,
    357,
    331,
    124,
    284,
    322,
    252,
    131,
    238,
    66,
    390,
    328,
    263,
    53,
    319,
    165,
    159,
    91,
    308,
    285,
    123,
    120,
    301,
    64,
    210,
    205,
    3,
    22,
    347,
    162,
    88,
    202,
    8,
    368,
    261,
    101,
    269,
    192,
    23,
    132,
    4,
    302,
    116,
    105,
    156,
    180,
    391,
    98,
    107,
    127,
    27,
    309,
    153,
    71,
    352,
    241,
    21,
    278,
    183
  ],
  "test": [
    305,
    225,
    237,
    318,
    182,
    94,
    34,
    307,
    33,
    36,
    113,
    67,
    257,
    320,
    255,
    65,
    170,
    86,
    136,
    89,
    19,
    340,
    333,
    80,
    356,
    194,
    258,
    363,
    7,
    370,
    208,
    43,
    394,
    119,
    335,
    332,
    118,
    283,
    338,
    281,
    2,
    248,
    315,
    42,
    303,
    199,
    314,
    16,
    256,
    143,
    78,
    52,
    152,
    218,
    193,
    317,
    188,
    321,
    325,
    139,
    393,
    383,
    337,
    126,
    55,
    355,
    196,
    271,
    92,
    207,
    270,
    224,
    6,
    1,
    84,
    354,
    259,
    346,
    133
  ],
  "random_seed": 42,
  "pass_threshold": 10
}