{
  "SquareFeet": {
    "count": 0,
    "percentage": 0.0,
    "lower_bound": 23.5,
    "upper_bound": 3995.5
  },
  "Bedrooms": {
    "count": 0,
    "percentage": 0.0,
    "lower_bound": 1.5,
    "upper_bound": 5.5
  },
  "Bathrooms": {
    "count": 0,
    "percentage": 0.0,
    "lower_bound": -2.0,
    "upper_bound": 6.0
  },
  "YearBuilt": {
    "count": 0,
    "percentage": 0.0,
    "lower_bound": 1913.0,
    "upper_bound": 2057.0
  },
  "Price": {
    "count": 59,
    "percentage": 0.118,
    "lower_bound": 5829.205484255945,
    "upper_bound": 443500.28479317715
  }
}